"sample","cofa","enzyme","mean","sd"
"P147","NAD","TS-PTDH",1500.643,48.353
"P165","NAD","TS-PTDH A155N",1960.51,59.258
"P227","NAD","Rm PTDH",2175.588,323.674
"P228","NAD","Rsp4506 PTDH",881.73,201.402
"P229","NAD","Rm PTDH K155N",2221.311,15.054
"P230","NAD","Rsp4506 PTDH A155N",511.439,13.755
"P231","NAD","TS-PTDH G154A-A155N",1710.386,53.34
"P147","NADP","TS-PTDH",529.903,8.489
"P165","NADP","TS-PTDH A155N",756.531,45.331
"P227","NADP","Rm PTDH",1012.444,65.564
"P228","NADP","Rsp4506 PTDH",61.716,16.196
"P229","NADP","Rm PTDH K155N",890.342,129.206
"P230","NADP","Rsp4506 PTDH A155N",49.368,4.634
"P231","NADP","TS-PTDH G154A-A155N",883.89,11.05
"P147","NMN","TS-PTDH",54.73,0.234
"P165","NMN","TS-PTDH A155N",119.916,1.961
"P227","NMN","Rm PTDH",26.767,0.236
"P228","NMN","Rsp4506 PTDH",7.799,0.174
"P229","NMN","Rm PTDH K155N",47.034,0.721
"P230","NMN","Rsp4506 PTDH A155N",32.683,0.935
"P231","NMN","TS-PTDH G154A-A155N",71.254,4.547
