"sample","trial","cofa","DF","slope","blank_slope","enzyme","conc_mg_ml","activity"
"P147","T1","NMN",11,12.93,-0.26,"TS-PTDH",17.1,54.565
"P165","T1","NMN",1,30.73,0.55,"TS-PTDH_A155N",1.6,121.302
"P227","T1","NMN",5,6.52,0.15,"Rm_PTDH",7.7,26.6
"P228","T1","NMN",6,2.78,0.85,"Rsp4506_PTDH",9.4,7.922
"P229","T1","NMN",2,11.59,0.87,"Rm_PTDH_K155N",2.9,47.544
"P230","T1","NMN",5,6.82,-0.45,"Rsp4506_PTDH_A155N",7.3,32.022
"P231","T1","NMN",1,11.86,0.28,"TS-PTDH_G154A-A155N",1,74.469
"P147","T2","NMN",11,13.01,-0.26,"TS-PTDH",17.1,54.896
"P165","T2","NMN",1,30.04,0.55,"TS-PTDH_A155N",1.6,118.529
"P227","T2","NMN",5,6.6,0.15,"Rm_PTDH",7.7,26.934
"P228","T2","NMN",6,2.72,0.85,"Rsp4506_PTDH",9.4,7.676
"P229","T2","NMN",2,11.36,0.87,"Rm_PTDH_K155N",2.9,46.524
"P230","T2","NMN",5,7.12,-0.45,"Rsp4506_PTDH_A155N",7.3,33.344
"P231","T2","NMN",1,10.86,0.28,"TS-PTDH_G154A-A155N",1,68.039
"P147","T4","NAD",57,68.15,-0.26,"TS-PTDH",17.1,1466.452
"P165","T4","NAD",5,96.02,0.55,"TS-PTDH_A155N",1.6,1918.609
"P227","T4","NAD",26,110.88,0.15,"Rm_PTDH",7.7,2404.46
"P228","T4","NAD",31,35.71,0.85,"Rsp4506_PTDH",9.4,739.317
"P229","T4","NAD",10,100.56,0.87,"Rm_PTDH_K155N",2.9,2210.666
"P230","T4","NAD",24,23.28,-0.45,"Rsp4506_PTDH_A155N",7.3,501.713
"P231","T4","NAD",3,86.98,0.28,"TS-PTDH_G154A-A155N",1,1672.669
"P147","T5","NAD",57,71.34,-0.26,"TS-PTDH",17.1,1534.834
"P165","T5","NAD",5,100.19,0.55,"TS-PTDH_A155N",1.6,2002.412
"P227","T5","NAD",26,89.8,0.15,"Rm_PTDH",7.7,1946.716
"P228","T5","NAD",31,49.14,0.85,"Rsp4506_PTDH",9.4,1024.143
"P229","T5","NAD",10,101.52,0.87,"Rm_PTDH_K155N",2.9,2231.955
"P230","T5","NAD",24,24.2,-0.45,"Rsp4506_PTDH_A155N",7.3,521.165
"P231","T5","NAD",3,90.89,0.28,"TS-PTDH_G154A-A155N",1,1748.103
"P147","T6","NADP",57,24.74,-0.26,"TS-PTDH",17.1,535.906
"P165","T6","NADP",5,39.79,0.55,"TS-PTDH_A155N",1.6,788.585
"P227","T6","NADP",26,48.91,0.15,"Rm_PTDH",7.7,1058.805
"P228","T6","NADP",31,4.3,0.85,"Rsp4506_PTDH",9.4,73.168
"P229","T6","NADP",10,45.14,0.87,"Rm_PTDH_K155N",2.9,981.705
"P230","T6","NADP",24,2.04,-0.45,"Rsp4506_PTDH_A155N",7.3,52.645
"P231","T6","NADP",3,46.5,0.28,"TS-PTDH_G154A-A155N",1,891.704
"P147","T7","NADP",57,24.18,-0.26,"TS-PTDH",17.1,523.901
"P165","T7","NADP",5,36.6,0.55,"TS-PTDH_A155N",1.6,724.477
"P227","T7","NADP",26,44.64,0.15,"Rm_PTDH",7.7,966.083
"P228","T7","NADP",31,3.22,0.85,"Rsp4506_PTDH",9.4,50.263
"P229","T7","NADP",10,36.9,0.87,"Rm_PTDH_K155N",2.9,798.98
"P230","T7","NADP",24,1.73,-0.45,"Rsp4506_PTDH_A155N",7.3,46.091
"P231","T7","NADP",3,45.69,0.28,"TS-PTDH_G154A-A155N",1,876.077
